date,trends_ionq
2026-03-28,12
2026-03-29,12
2026-03-30,28
2026-03-31,26
2026-04-01,24
2026-04-02,25
2026-04-03,16
2026-04-04,8
2026-04-05,10
2026-04-06,21
2026-04-07,19
2026-04-08,29
2026-04-09,22
2026-04-10,22
2026-04-11,9
2026-04-12,8
2026-04-13,25
2026-04-14,48
2026-04-15,80
2026-04-16,76
2026-04-17,63
2026-04-18,22
2026-04-19,19
2026-04-20,44
2026-04-21,46
2026-04-22,47
2026-04-23,41
2026-04-24,41
2026-04-25,16
2026-04-26,15
2026-04-27,39
2026-04-28,41
2026-04-29,39
2026-04-30,45
2026-05-01,41
2026-05-02,20
2026-05-03,19
2026-05-04,45
2026-05-05,46
2026-05-06,100
2026-05-07,75
2026-05-08,56
2026-05-09,30
2026-05-10,23
2026-05-11,83
2026-05-12,66
2026-05-13,57
2026-05-14,53
2026-05-15,52
2026-05-16,22
2026-05-17,22
2026-05-18,41
2026-05-19,44
2026-05-20,47
2026-05-21,96
2026-05-22,92
2026-05-23,42
2026-05-24,27
2026-05-25,26
2026-05-26,66
2026-05-27,59
2026-05-28,68
2026-05-29,68
2026-05-30,28
2026-05-31,33
2026-06-01,73
2026-06-02,63
2026-06-03,54
2026-06-04,52
2026-06-05,45
2026-06-06,24
2026-06-07,18
2026-06-08,51
2026-06-09,54
2026-06-10,44
2026-06-11,42
2026-06-12,33
2026-06-13,14
2026-06-14,10
2026-06-15,41
2026-06-16,33
2026-06-17,32
2026-06-18,29
2026-06-19,15
2026-06-20,9
2026-06-21,8
2026-06-22,35
2026-06-23,43
2026-06-24,37
2026-06-25,33
2026-06-26,28
