date,page_views
2026-03-24,142
2026-03-25,124
2026-03-26,116
2026-03-27,122
2026-03-28,81
2026-03-29,95
2026-03-30,128
2026-03-31,158
2026-04-01,121
2026-04-02,238
2026-04-03,97
2026-04-04,84
2026-04-05,77
2026-04-06,153
2026-04-07,178
2026-04-08,175
2026-04-09,144
2026-04-10,159
2026-04-11,119
2026-04-12,117
2026-04-13,158
2026-04-14,320
2026-04-15,378
2026-04-16,321
2026-04-17,231
2026-04-18,146
2026-04-19,112
2026-04-20,199
2026-04-21,167
2026-04-22,197
2026-04-23,178
2026-04-24,173
2026-04-25,117
2026-04-26,133
2026-04-27,163
2026-04-28,233
2026-04-29,185
2026-04-30,211
2026-05-01,191
2026-05-02,180
2026-05-03,168
2026-05-04,244
2026-05-05,267
2026-05-06,338
2026-05-07,299
2026-05-08,258
2026-05-09,186
2026-05-10,190
2026-05-11,460
2026-05-12,383
2026-05-13,262
2026-05-14,287
2026-05-15,207
2026-05-16,184
2026-05-17,165
2026-05-18,193
2026-05-19,230
2026-05-20,156
2026-05-21,804
2026-05-22,1039
2026-05-23,416
2026-05-24,383
2026-05-25,381
2026-05-26,463
2026-05-27,330
2026-05-28,377
2026-05-29,356
2026-05-30,224
2026-05-31,209
2026-06-01,338
2026-06-02,330
2026-06-03,356
2026-06-04,251
2026-06-05,315
2026-06-06,184
2026-06-07,134
2026-06-08,341
2026-06-09,261
2026-06-10,216
2026-06-11,183
2026-06-12,204
2026-06-13,113
2026-06-14,160
2026-06-15,203
2026-06-16,194
2026-06-17,194
2026-06-18,160
2026-06-19,139
2026-06-20,131
2026-06-21,175
2026-06-22,186
